品番,受入場所,品名,収容数,サイクル間隔,サイクル回数,サイクル情報,不良率
019128GA010    ,1Y,ｷﾔﾂﾌﾟｼﾂﾋﾟﾝｸﾞ                  ,50,1,2,3,00
01912ECA020    ,1Y,ｷｬｯﾌﾟｼｯﾋﾟﾝｸﾞ                  ,100,1,1,1,00
01912ECB010    ,1Y,ｷｬｯﾌﾟｼｯﾋﾟﾝｸﾞ                  ,300,1,2,3,00
01912ECB040    ,1Y,ｷｬｯﾌﾟｼｯﾋﾟﾝｸﾞ                  ,40,1,1,2,00
01912ECB060    ,1Y,ｷｬｯﾌﾟｼｯﾋﾟﾝｸﾞ                  ,400,1,1,3,00
01912ECB070    ,1Y,ｷｬｯﾌﾟｼｯﾋﾟﾝｸﾞ                  ,200,1,1,3,00
1040043104R    ,1Y,ﾋﾟﾝｽﾄﾚ-ﾄ                      ,1000,1,2,3,00
1040052001Z    ,1Y,ﾌﾟﾗｸﾞ ｳｲｽﾞﾍﾂﾄﾞｽﾄﾚ-ﾄｽｸﾘﾕ-      ,200,1,6,5,00
1040113002P    ,1Y,ﾌﾟﾗｸﾞ ﾀｲﾄ                     ,2500,1,1,1,00
1040132124M    ,1Y,ﾍﾞｱﾘﾝｸﾞ                       ,1800,1,8,9,00
1040183011P    ,1Y,ﾎﾞﾙﾄﾌﾗﾝｼﾞ                     ,500,1,6,5,00
2030044001J    ,1Y,ｼｰﾙﾀｲﾌﾟTｵｲﾙ                   ,400,1,2,3,00
2030045013L    ,1Y,ｶﾞｽｹﾂﾄ                        ,2000,1,1,1,00
2030052002N    ,1Y,ﾌﾟﾗｸﾞｳｲｽﾞﾍﾂﾄﾞｽﾄﾚ-ﾄｽｸﾘﾕ-       ,300,1,2,1,00
3040052001B    ,1Y,ﾌﾟﾗｸﾞｳｲｽﾞﾍﾂﾄﾞｽﾄﾚ-ﾄｽｸﾘﾕ-       ,500,1,6,5,00
33490ECA010    ,1Y,ｵｲﾙｸｰﾗｰASSY                   ,4,1,2,3,00
33490ECA020    ,1Y,ｵｲﾙｸｰﾗｰASSY                   ,4,1,2,3,00
33490ECB010    ,1Y,ｵｲﾙｸｰﾗｰASSY                   ,4,1,2,3,00
33490ECB020    ,1Y,ｸｰﾗｰASSY ｵｲﾙ                  ,4,1,2,3,00
33490ECE010    ,1Y,ｵｲﾙｸｰﾗｰASSY                   ,4,1,2,3,00
34989ECA040    ,1Y,ﾗﾍﾞﾙ                          ,500,1,1,2,00
34989ECB010    ,1Y,ﾗﾍﾞﾙ                          ,500,1,1,2,00
34989ECB020    ,1Y,ﾗﾍﾞﾙ                          ,500,1,1,2,00
34989ECB030    ,1Y,ﾗﾍﾞﾙ                          ,1000,1,1,2,00
34989ECB050    ,1Y,ﾗﾍﾞﾙ                          ,500,1,1,2,00
34989ECC010    ,1Y,ﾗﾍﾞﾙ                          ,500,1,1,2,00
34989ECE010    ,1Y,ﾗﾍﾞﾙ                          ,500,1,1,2,00
34989ECE020    ,1Y,ﾗﾍﾞﾙ                          ,500,1,1,2,00
34989ECE030    ,1Y,ﾗﾍﾞﾙ                          ,500,1,1,2,00
34989ECE040    ,1Y,ﾗﾍﾞﾙ                          ,500,1,1,2,00
35080ECB010    ,1Y,ｷﾞﾔ ｱﾂｼ- ﾃﾞｲﾌｱﾚﾝｼﾔﾙ           ,3,1,1,1,00
35080ECE010    ,1Y,ｷﾞﾔ ｱﾂｼ- ﾃﾞｲﾌｱﾚﾝｼﾔﾙ           ,3,1,1,1,00
35080ECE020    ,1Y,ｷﾞﾔ ｱﾂｼ- ﾃﾞｲﾌｱﾚﾝｼﾔﾙ           ,3,1,1,1,00
35125ECA010    ,1Y,ｵｲﾙﾊﾟﾝ                        ,350,1,1,2,00
35125ECA030    ,1Y,ﾁｭｰﾌﾞ                         ,250,1,1,2,00
35141ECA020    ,1Y,ｹ-ｽT/A                        ,6,1,24,18,00
35141ECA050    ,1Y,ｹｰｽT/A                        ,6,1,24,18,00
35141ECB010    ,1Y,ｹ-ｽT/A                        ,16,1,24,18,00
35141ECE010    ,1Y,ｹ-ｽT/A                        ,20,1,24,18,00
35145ECA010    ,1Y,ﾌﾟﾚｰﾄ ｵｲﾙ                     ,150,1,1,1,00
35145ECA020    ,1Y,ﾌﾟﾚｰﾄ ｵｲﾙ ｶﾞｲﾄﾞ               ,500,1,1,1,00
35145ECA040    ,1Y,ﾌﾟﾚｰﾄ ｵｲﾙ                     ,18,1,1,1,00
35145ECA040    ,1Y,ﾌﾟﾚｰﾄ ｵｲﾙ                     ,18,1,1,1,00
35145ECB010    ,1Y,ｵｲﾙﾌﾟﾚｰﾄ                      ,100,1,1,1,00
35145ECE010    ,1Y,ｵｲﾙﾌﾟﾚｰﾄ                      ,100,1,1,1,00
35145ECE020    ,1Y,ｵｲﾙﾌﾟﾚｰﾄ                      ,100,1,4,6,00
35165ECE010    ,1Y,ﾌﾟﾚ-ﾄT/Mｹ-ｽ                   ,200,1,1,1,00
35174ECA020    ,1Y,ﾌﾟﾚｰﾄ ｵｲﾙ ﾘｻﾞｰﾊﾞｰ ﾛｯｸ         ,60,1,4,6,00
35174ECA050    ,1Y,ﾌﾟﾚｰﾄ ｵｲﾙ ﾘｻﾞｰﾊﾞｰ ﾛｯｸ         ,60,1,4,6,00
35174ECB010    ,1Y,ﾌﾟﾚｰﾄｵｲﾙﾘｻﾞｰﾊﾞｰﾛｯｸ            ,20,1,4,6,00
35174ECE010    ,1Y,ﾌﾟﾚｰﾄｵｲﾙﾘｻﾞｰﾊﾞｰﾛｯｸ            ,40,1,4,6,00
35174ECE020    ,1Y,ﾌﾟﾚｰﾄｵｲﾙﾘｻﾞｰﾊﾞｰﾛｯｸ            ,90,1,4,6,00
3519510A010    ,1Y,ｸﾗﾝﾌﾟT/AｱﾌﾟﾗｲﾁｭｰﾌﾞNO.1        ,600,1,2,2,00
35195ECE010    ,1Y,ｸﾗﾝﾌﾟﾁﾕ-ﾌﾞ                    ,400,1,1,1,00
35195TFG010    ,1Y,ｸﾗﾝﾌﾟT/AｱﾌﾟﾗｲﾁｭｰﾌﾞNO.1        ,400,1,1,1,00
35198ECE010    ,1Y,ﾌﾞﾗｹｯﾄﾜｲﾔｰﾊｰﾈｽｸﾗﾝﾌﾟ           ,200,1,1,1,00
35257ECA010    ,1Y,ﾌﾟﾚｰﾄ ｵｲﾙ ｶﾞｲﾄﾞ               ,50,1,1,1,00
35257ECA030    ,1Y,ﾌﾟﾚｰﾄ ｵｲﾙ ｶﾞｲﾄﾞ               ,60,1,2,5,00
35257ECA030    ,1Y,ﾌﾟﾚｰﾄ ｵｲﾙ ｶﾞｲﾄﾞ               ,60,1,1,1,00
35285ECA010    ,1Y,ｸﾗﾝﾌﾟ ｿﾚﾉｲﾄﾞ                  ,500,1,1,1,00
35300ECB010    ,1Y,ﾃﾞﾝﾄﾞｳｵｲﾙﾎﾟﾝﾌﾟ                ,12,1,4,8,00
35312ECB010    ,1Y,"ｶﾊﾞｰS/A,T/MO/P                ",63,1,1,1,00
35312ECB010    ,1Y,"ｶﾊﾞｰS/A,T/M O/P               ",63,1,1,1,00
35352ECB010    ,1Y,"ﾛｰﾀｰ,T/MO/Pﾄﾞﾘﾌﾞﾝ             ",504,1,1,1,00
3539450A010    ,1Y,ﾏｸﾞﾈﾂﾄ                        ,2000,1,1,1,00
35409ECA020    ,1Y,ｽﾌﾟﾘﾝｸﾞ S/A ﾃﾞｨﾃﾝﾄ            ,150,1,1,2,00
35409ECB010    ,1Y,ｽﾌﾟﾘﾝｸﾞS/Aﾃﾞｨﾃﾝﾄ              ,200,1,1,2,00
35441ECB010    ,1Y,ｽﾄﾚｰﾅｰｵｲﾙ                     ,96,1,1,2,00
35441TFA010    ,1Y,ｽﾄﾚｰﾅｰｵｲﾙ                     ,100,1,1,2,00
3548255A010    ,1Y,ｸﾗﾝﾌﾟｾﾝｻ-                     ,300,1,1,1,00
35482TFA010    ,1Y,ｸﾗﾝﾌﾟｾﾝｻ-                     ,1000,1,1,1,00
35501ECA020    ,1Y,"ﾛｯﾄﾞS/A,ﾊﾟｰｷﾝｸﾞ ﾛｯｸ           ",100,1,1,1,00
35501ECA030    ,1Y,"ﾛｯﾄﾞS/A,ﾊﾟｰｷﾝｸﾞ ﾛｯｸ           ",150,1,1,1,00
35501ECB010    ,1Y,"ﾛｯﾄﾞS/A,ﾊﾟｰｷﾝｸﾞﾛｯｸ            ",100,1,1,1,00
35505ECA020    ,1Y,ﾚﾊﾞｰ S/A ﾊﾟｰｷﾝｸﾞ ﾛｯｸ          ,60,1,2,2,00
35505ECB010    ,1Y,ﾚﾊﾞｰS/Aﾊﾟｰｷﾝｸﾞﾛｯｸ             ,24,1,2,2,00
35556ECB010    ,1Y,ｼｬﾌﾄﾊﾟｰｷﾝｸﾞﾛｯｸﾎﾟｰﾙ            ,100,1,2,3,00
35557ECA020    ,1Y,ﾎﾟｰﾙ ﾊﾟｰｷﾝｸﾞ ﾛｯｸ              ,56,1,2,4,00
35557ECB010    ,1Y,ﾎﾟｰﾙﾊﾟｰｷﾝｸﾞﾛｯｸ                ,46,1,2,4,00
35561ECA020    ,1Y,"ｼｬﾌﾄ,ﾊﾟｰｷﾝｸﾞ ﾛｯｸ,NO.1         ",100,1,2,4,00
355806GA020    ,1Y,"ACTUATOR ASSY, SHIFT CONTROL  ",6,1,4,8,00
35580ECB010    ,1Y,"ｱｷｭｴｰﾀｰASSY,ｼﾌﾄｺﾝﾄﾛｰﾙ         ",6,1,4,8,00
35580ECB011    ,1Y,"ｱｷｭｴｰﾀｰASSY,ｼﾌﾄ ｺﾝﾄﾛｰﾙ        ",6,1,4,8,00
35580ECB020    ,1Y,"ｱｷｭｴｰﾀｰASSY,ｼﾌﾄ ｺﾝﾄﾛｰﾙ        ",6,1,4,8,00
35595ECA010    ,1Y,ﾌﾞﾗｹｯﾄ                        ,70,1,1,1,00
35595ECB010    ,1Y,ﾌﾞﾗｹｯﾄ                        ,40,1,1,1,00
3559850A010    ,1Y,ﾋﾟﾝS/Aﾊﾟｰｷﾝｸﾞﾛｯｸ              ,100,1,2,3,00
35599ECA020    ,1Y,ｶﾊﾞｰﾃﾞｨﾃﾝﾄｽﾌﾟﾘﾝｸﾞ             ,600,1,1,2,00
35704ECA020    ,1Y,"ｷﾞﾔ, ｶｳﾝﾀ ﾄﾞﾗｲﾌﾞ              ",3,1,1,1,00
35705ECA020    ,1Y,"ｷﾞﾔ, ｶｳﾝﾀ ﾄﾞﾘﾌﾞﾝ              ",3,1,1,1,00
35705ECA060    ,1Y,"ｷﾞﾔ, ｶｳﾝﾀ ﾄﾞﾘﾌﾞﾝ              ",3,1,1,1,00
35771ECB010    ,1Y,ｼｬﾌﾄｱｳﾄﾌﾟｯﾄ                   ,4,1,6,4,00
35771ECE010    ,1Y,ｼｬﾌﾄｱｳﾄﾌﾟｯﾄ                   ,6,1,6,4,00
35782ECA050    ,1Y,"ｷﾞﾔ, ｶｳﾝﾀ ﾄﾞﾗｲﾌﾞ              ",3,1,1,1,00
35782ECB010    ,1Y,ﾅｲｾｲｶｺｳﾅｲｼﾞﾘｽﾄ ｼｮｳﾘｬｸﾋﾝﾊﾞﾝ    ,3,1,1,1,01
35782ECB010    ,1Y,"ｷﾞﾔ, ｶｳﾝﾀ ﾄﾞﾗｲﾌﾞ              ",3,1,1,1,00
35782ECE010    ,1Y,"ｷﾞﾔ, ｶｳﾝﾀ ﾄﾞﾗｲﾌﾞ              ",3,1,1,1,00
35782ECE020    ,1Y,"ｷﾞﾔ, ｶｳﾝﾀ ﾄﾞﾗｲﾌﾞ              ",3,1,1,1,00
35782ECE030    ,1Y,"ｷﾞﾔ, ｶｳﾝﾀ ﾄﾞﾗｲﾌﾞ              ",3,1,1,1,00
35847ECB010    ,1Y,ﾁｭｰﾌﾞT/Aﾙｰﾌﾞｱﾌﾟﾗｲ             ,80,1,1,1,00
35847ECB020    ,1Y,ﾁｭｰﾌﾞT/Aﾙｰﾌﾞｱﾌﾟﾗｲ             ,70,1,1,1,00
35847ECE010    ,1Y,ﾁｭｰﾌﾞT/Aﾙｰﾌﾞｱﾌﾟﾗｲ             ,40,1,1,1,00
35847ECE020    ,1Y,ﾁｭｰﾌﾞT/Aﾙｰﾌﾞｱﾌﾟﾗｲ             ,60,1,1,1,00
35882ECB010    ,1Y,ﾁｭｰﾌﾞﾃﾞﾌｷﾞﾔﾘｭｰﾌﾞｱﾌﾟﾗｲ         ,50,1,1,1,00
36108ECB010    ,1Y,"ｼﾔﾌﾄ,O/Pﾄﾞﾗｲﾌﾞ                ",150,1,1,1,00
39171ECA040    ,1Y,"COVER, MOTOR HOUSING          ",36,1,24,18,00
39171ECA060    ,1Y,"ｶﾊﾞｰ,ﾓｰﾀｰ                     ",36,1,24,18,00
39171ECB010    ,1Y,"ｶﾊﾞｰ,ﾓｰﾀﾊｳｼﾞﾝｸﾞ               ",16,1,24,18,00
39171ECE010    ,1Y,"ｶﾊﾞｰ,ﾓｰﾀﾊｳｼﾞﾝｸﾞ               ",20,1,24,18,00
41221ECA020    ,1Y,ｷﾞﾔ ﾃﾞﾌﾘﾝｸﾞ                   ,3,1,1,1,00
41221ECA050    ,1Y,ｷﾞﾔ ﾃﾞﾌﾘﾝｸﾞ                   ,3,1,1,1,00
41221ECB010    ,1Y,ｷﾞﾔ ﾃﾞﾌﾘﾝｸﾞ                   ,3,1,1,1,00
41221ECE010    ,1Y,ｷﾞﾔ ﾃﾞﾌﾘﾝｸﾞ                   ,3,1,1,1,00
41310ECA020    ,1Y,ｷﾞﾔﾃﾞﾌﾘﾝｸﾞ                    ,2,1,1,3,01
41310ECA030    ,1Y,ﾃﾞﾌｹｰｽS/A                     ,2,1,1,3,01
41310ECB010    ,1Y,ﾃﾞﾌｹｰｽS/A                     ,2,1,4,4,00
41310ECE010    ,1Y,ｷﾞﾔﾃﾞﾌﾘﾝｸﾞ                    ,2,1,4,4,00
5040056001E    ,1Y,ｸﾗﾝﾌﾟﾁﾕ-ﾌﾞ                    ,600,1,1,1,00
82125ECA010    ,1Y,ﾜｲﾔ- T/M                      ,40,1,1,1,00
82125ECA020    ,1Y,ﾜｲﾔ- T/M                      ,6,1,6,2,00
82125ECB010    ,1Y,ﾜｲﾔ-T/M                       ,100,1,1,1,00
82125ECB020    ,1Y,ﾜｲﾔ-T/M                       ,8,1,1,1,00
82125ECB020    ,1Y,ﾜｲﾔ- T/M                      ,8,1,6,2,00
82125ECC020    ,1Y,ﾜｲﾔ-T/M                       ,8,1,1,1,00
82125ECC020    ,1Y,ﾜｲﾔ- T/M                      ,8,1,6,2,00
82125ECE010    ,1Y,ﾜｲﾔ-T/M                       ,100,1,1,1,00
82125ECE020    ,1Y,ﾜｲﾔ-T/M                       ,6,1,1,1,00
82125ECE020    ,1Y,ﾜｲﾔ- T/M                      ,6,1,6,2,00
82125ECE030    ,1Y,ﾜｲﾔ-T/M                       ,6,1,1,1,00
82125ECE030    ,1Y,ﾜｲﾔ- T/M                      ,6,1,6,2,00
82125ECE040    ,1Y,ﾜｲﾔ- T/M                      ,6,1,6,2,00
82821CWA030    ,1Y,ｶﾊﾞ-ｺﾈｸﾀ-                     ,200,1,2,3,00
82821ECB010    ,1Y,ｶﾊﾞ-ｺﾈｸﾀ-                     ,400,1,2,3,00
82821ECB020    ,1Y,ｶﾊﾞ-ｺﾈｸﾀ-                     ,200,1,2,3,00
82821ECB040    ,1Y,ｶﾊﾞ-ｺﾈｸﾀ-                     ,100,1,2,3,00
82821ECB050    ,1Y,ｶﾊﾞ-ｺﾈｸﾀ-                     ,100,1,2,3,00
82821ECB080    ,1Y,ｶﾊﾞ- ｺﾈｸﾀ-                    ,100,1,2,3,00
82821ECE010    ,1Y,ｶﾊﾞ-ｺﾈｸﾀ-                     ,50,1,2,3,00
82821ECE020    ,1Y,ｶﾊﾞ- ｺﾈｸﾀ-                    ,50,1,2,3,00
82821XAE010    ,1Y,ｶﾊﾞ-ｺﾈｸﾀ-                     ,100,1,2,3,00
82821XAE020    ,1Y,ｶﾊﾞ-ｺﾈｸﾀ-                     ,400,1,2,3,00
82824ECA010    ,1Y,ﾜｲﾔﾘﾝｸﾞﾊｰﾈｽｺﾈｸﾀ               ,40,1,1,1,00
82824ECB010    ,1Y,ﾜｲﾔﾘﾝｸﾞﾊｰﾈｽｺﾈｸﾀ               ,32,1,1,1,00
82824ECB020    ,1Y,ﾜｲﾔﾘﾝｸﾞﾊｰﾈｽｺﾈｸﾀ               ,40,1,1,1,00
82824ECE010    ,1Y,ﾜｲﾔﾘﾝｸﾞﾊｰﾈｽｺﾈｸﾀ               ,45,1,1,1,00
82824ECE010    ,1Y,ﾜｲﾔﾘﾝｸﾞﾊｰﾈｽｺﾈｸﾀ               ,45,1,1,3,00
9010506A003    ,1Y,ﾎﾞﾙﾄﾌﾗﾝｼﾞ                     ,2000,1,6,5,00
9010506A089    ,1Y,ﾎﾞﾙﾄﾌﾗﾝｼﾞ                     ,1500,1,6,5,00
9010508A014    ,1Y,ﾎﾞﾙﾄﾌﾗﾝｼﾞ                     ,500,1,6,5,00
9010508A042    ,1Y,ﾎﾞﾙﾄﾌﾗﾝｼﾞ                     ,300,1,6,5,00
9010512A018    ,1Y,ﾎﾞﾙﾄﾌﾗﾝｼﾞ                     ,200,1,6,5,00
9010512A019    ,1Y,ﾎﾞﾙﾄ ﾌﾗﾝｼﾞ                    ,210,1,6,4,00
9011606048     ,1Y,ﾎﾞﾙﾄｽﾀﾂﾄﾞ                     ,3000,1,2,1,00
9011906908     ,1Y,ﾎﾞﾙﾄｳｲｽﾞﾜﾂｼﾔ                  ,2000,1,6,5,00
9011906A065    ,1Y,"ﾎﾞﾙﾄ,ﾌﾗﾝｼﾞW/ﾜｯｼｬ              ",1000,1,6,5,00
9014860027     ,1Y,ｽｸﾘﾕ-                         ,2000,1,6,5,00
9014908A008    ,1Y,ｽｸﾘﾕ-                         ,800,1,6,5,00
9015905A007    ,1Y,ｽｸﾘｭｰW/ﾜｯｼｬｰ                  ,2000,1,6,5,00
9015906A017    ,1Y,ﾎﾞﾙﾄ                          ,1000,1,6,5,00
9015906A021    ,1Y,ｽｸﾘｭｰW/ﾜｯｼｬｰ                  ,1200,1,6,5,00
9015906A022    ,1Y,ｽｸﾘｭｰW/ﾜｯｼｬｰ                  ,1500,1,6,5,00
9015906A023    ,1Y,ｽｸﾘｭｰW/ﾜｯｼｬｰ                  ,1300,1,6,5,00
9020150A002    ,1Y,ﾌﾟﾚｰﾄﾜｯｼｬ                     ,100,1,1,0,00
9020150A003    ,1Y,ﾌﾟﾚ-ﾄﾜｯｼｬ                     ,100,1,1,1,00
9020156A001    ,1Y,ﾌﾟﾚｰﾄﾜｯｼｬ                     ,100,1,1,0,00
9020156A002    ,1Y,ﾌﾟﾚｰﾄﾜｯｼｬ                     ,100,1,1,0,00
9025006027     ,1Y,ﾋﾟﾝｽﾄﾚ-ﾄ                      ,2000,1,1,1,00
9025006A007    ,1Y,ﾋﾟﾝｽﾄﾚ-ﾄ                      ,200,1,2,3,00
9025010017     ,1Y,ﾋﾟﾝ ｽﾄﾚ-ﾄ                     ,700,1,1,1,00
9025405021     ,1Y,ﾋﾟﾝ                           ,2000,1,1,1,00
9030106A018    ,1Y,ﾘﾝｸﾞO                         ,2000,1,2,3,00
9030111A014    ,1Y,ﾘﾝｸﾞO                         ,1000,1,2,3,00
9030115A011    ,1Y,ﾘﾝｸﾞO                         ,1000,1,2,3,00
9030117A005    ,1Y,ﾘﾝｸﾞ O                        ,1000,1,2,3,00
9030117A010    ,1Y,ﾘﾝｸﾞO                         ,1000,1,2,3,00
9030119A010    ,1Y,ﾘﾝｸﾞO                         ,1000,1,2,3,00
9030119A011    ,1Y,ﾘﾝｸﾞO                         ,200,1,2,3,00
9030131A001    ,1Y,ﾘﾝｸﾞ O                        ,900,1,2,3,00
9030135A001    ,1Y,Oﾘﾝｸﾞ                         ,1000,1,2,3,00
9031140A056    ,1Y,ｼ-ﾙ ｵｲﾙ                       ,120,1,2,3,00
9031150A014    ,1Y,ｼｰﾙﾀｲﾌﾟTｵｲﾙ                   ,84,1,2,3,00
9031150A015    ,1Y,ｼｰﾙﾀｲﾌﾟTｵｲﾙ                   ,84,1,2,3,00
9033106A003    ,1Y,ﾌﾟﾗｸﾞﾀｲﾄ                      ,5000,1,1,1,00
9033106A006    ,1Y,ﾌﾟﾗｸﾞ ﾀｲﾄ                     ,1000,1,1,1,00
9033114006     ,1Y,ﾌﾟﾗｸﾞﾀｲﾄ                      ,2000,1,1,3,00
9033128A001    ,1Y,ﾌﾟﾗｸﾞ ﾀｲﾄ                     ,500,1,1,1,00
9033904A002    ,1Y,ｷﾔﾂﾌﾟ                         ,1000,1,1,1,00
9033904A003    ,1Y,ｷﾔﾂﾌﾟ                         ,2000,1,1,1,00
9034108A006    ,1Y,ﾌﾟﾗｸﾞｳｲｽﾞﾍﾂﾄﾞｽﾄﾚ-ﾄｽｸﾘﾕ-       ,1000,1,2,1,00
9034108A007    ,1Y,ﾌﾟﾗｸﾞ ｳｲｽﾞﾍﾂﾄﾞｽﾄﾚ-ﾄｽｸﾘﾕ-      ,1000,1,2,1,00
9034108A010    ,1Y,ﾌﾟﾗｸﾞｳｲｽﾞﾍﾂﾄﾞｽﾄﾚ-ﾄｽｸﾘﾕ-       ,1000,1,2,1,00
9034114A004    ,1Y,ﾌﾟﾗｸﾞｳｲｽﾞﾍﾂﾄﾞｽﾄﾚ-ﾄｽｸﾘﾕ-       ,500,1,6,5,00
9034118060     ,1Y,ﾌﾟﾗｸﾞS/AW/ﾍｯﾄﾞｽﾄﾚｰﾄｽｸﾘｭｰ      ,300,1,1,3,00
9034118090     ,1Y,ﾌﾟﾗｸﾞｳｲｽﾞﾍﾂﾄﾞｽﾄﾚ-ﾄｽｸﾘﾕ-       ,300,1,2,1,00
9034118A024    ,1Y,ﾌﾟﾗｸﾞS/AW/ﾍｯﾄﾞｽﾄﾚｰﾄｽｸﾘｭｰ      ,200,1,6,5,00
9034120A009    ,1Y,ﾌﾟﾗｸﾞ ｳｲｽﾞﾍﾂﾄﾞｽﾄﾚ-ﾄｽｸﾘﾕ-      ,100,1,1,1,00
9036324A003    ,1Y,ﾍﾞｱﾘﾝｸﾞﾗｼﾞｱﾙﾎﾞｰﾙ              ,22,1,8,9,00
9036324A004    ,1Y,ﾍﾞｱﾘﾝｸﾞﾗｼﾞｱﾙﾎﾞｰﾙ              ,30,1,8,9,00
9036324A005    ,1Y,ﾍﾞｱﾘﾝｸﾞﾗｼﾞｱﾙﾎﾞｰﾙ              ,22,1,8,9,00
9036335A018    ,1Y,ﾍﾞｱﾘﾝｸﾞ ﾗｼﾞｱﾙﾎﾞｰﾙ             ,90,1,8,9,00
9036340085     ,1Y,ﾍﾞｱﾘﾝｸﾞﾗｼﾞｱﾙﾎﾞｰﾙ              ,80,1,8,9,00
9036340A010    ,1Y,ﾍﾞｱﾘﾝｸﾞ ﾗｼﾞｱﾙﾎﾞｰﾙ             ,80,1,8,9,00
9036340A015    ,1Y,ﾍﾞｱﾘﾝｸﾞ ﾗｼﾞｱﾙﾎﾞｰﾙ             ,80,1,8,9,00
9036345A004    ,1Y,ﾍﾞｱﾘﾝｸﾞﾗｼﾞｱﾙﾎﾞｰﾙ              ,90,1,1,2,00
9036628A005    ,1Y,ﾚｰｽﾃｰﾊﾟｰﾄﾞﾛｰﾗｰﾍﾞｱﾘﾝｸﾞｲﾝﾅｰ     ,60,1,1,1,00
9036628A006    ,1Y,ﾚｰｽﾃｰﾊﾟｰﾄﾞﾛｰﾗｰﾍﾞｱﾘﾝｸﾞｱｳﾀｰ     ,80,1,1,1,00
9036628A007    ,1Y,ﾚｰｽﾃｰﾊﾟｰﾄﾞﾛｰﾗｰﾍﾞｱﾘﾝｸﾞｲﾝﾅｰ     ,72,1,1,1,00
9036628A008    ,1Y,ﾚｰｽﾃｰﾊﾟｰﾄﾞﾛｰﾗｰﾍﾞｱﾘﾝｸﾞｱｳﾀｰ     ,100,1,1,1,00
9036630A016    ,1Y,ﾚｰｽﾃｰﾊﾟｰﾄﾞﾛｰﾗｰﾍﾞｱﾘﾝｸﾞｲﾝﾅｰ     ,38,1,1,1,00
9036630A017    ,1Y,ﾚｰｽﾃｰﾊﾟｰﾄﾞﾛｰﾗｰﾍﾞｱﾘﾝｸﾞｱｳﾀｰ     ,72,1,1,1,00
9036630A018    ,1Y,ﾚｰｽ ﾃｰﾊﾟｰﾄﾞﾛｰﾗｰ ﾍﾞｱﾘﾝｸﾞ ｲﾝﾅｰ  ,38,1,1,1,00
9036651A030    ,1Y,ﾚｰｽ ﾃｰﾊﾟｰﾄﾞﾛｰﾗｰ ﾍﾞｱﾘﾝｸﾞ ｲﾝﾅｰ  ,48,1,1,1,00
9036651A031    ,1Y,ﾚｰｽ ﾃｰﾊﾟｰﾄﾞﾛｰﾗｰ ﾍﾞｱﾘﾝｸﾞ ｱｳﾀｰ  ,54,1,1,1,00
9036652A003    ,1Y,ﾚｰｽﾃｰﾊﾟｰﾄﾞﾛｰﾗｰﾍﾞｱﾘﾝｸﾞｲﾝﾅｰ     ,60,1,1,1,00
9036652A004    ,1Y,ﾚｰｽﾃｰﾊﾟｰﾄﾞﾛｰﾗｰﾍﾞｱﾘﾝｸﾞｱｳﾀｰ     ,63,1,1,1,00
9036658A001    ,1Y,ﾚｰｽﾃｰﾊﾟｰﾄﾞﾛｰﾗｰﾍﾞｱﾘﾝｸﾞｲﾝﾅｰ     ,45,1,1,1,00
9036658A002    ,1Y,ﾚｰｽﾃｰﾊﾟｰﾄﾞﾛｰﾗｰﾍﾞｱﾘﾝｸﾞｱｳﾀｰ     ,36,1,1,1,00
9036659A009    ,1Y,ﾚｰｽﾃｰﾊﾟｰﾄﾞﾛｰﾗｰﾍﾞｱﾘﾝｸﾞｲﾝﾅｰ     ,36,1,1,1,00
9036659A010    ,1Y,ﾚｰｽﾃｰﾊﾟｰﾄﾞﾛｰﾗｰﾍﾞｱﾘﾝｸﾞｱｳﾀｰ     ,36,1,1,1,00
9046214A008    ,1Y,ｸﾗﾝﾌﾟ                         ,50,1,1,1,00
9046214A009    ,1Y,ｸﾗﾝﾌﾟ                         ,200,1,1,1,00
9050827A011    ,1Y,ｽﾌﾟﾘﾝｸﾞﾄ-ｼﾖﾝ                  ,200,1,8,11,00
9050827A013    ,1Y,ｽﾌﾟﾘﾝｸﾞ ﾄ-ｼﾖﾝ                 ,150,1,8,11,00
9050827A014    ,1Y,ｽﾌﾟﾘﾝｸﾞ ﾄ-ｼﾖﾝ                 ,200,1,8,11,00
9052409A003    ,1Y,ｽﾌﾟﾘﾝｸﾞﾘﾃｰﾅｰ                  ,500,1,8,11,00
9056020006     ,1Y,ｽﾍﾟ-ｻ-                        ,400,1,2,3,00
9056439A001    ,1Y,ｼﾑ                            ,100,1,1,0,00
9056439A002    ,1Y,ｼﾑ                            ,100,1,1,0,00
9056439A003    ,1Y,ｼﾑ                            ,100,1,1,0,00
9056439A004    ,1Y,ｼﾑ                            ,100,1,1,0,00
9056439A005    ,1Y,ｼﾑ                            ,100,1,1,0,00
9056439A006    ,1Y,ｼﾑ                            ,100,1,1,0,00
9056439A007    ,1Y,ｼﾑ                            ,100,1,1,0,00
9056439A008    ,1Y,ｼﾑ                            ,100,1,1,0,00
9056439A009    ,1Y,ｼﾑ                            ,100,1,1,0,00
9056446A001    ,1Y,ｼﾑ                            ,100,1,1,1,00
9056446A002    ,1Y,ｼﾑ                            ,100,1,1,1,00
9056446A003    ,1Y,ｼﾑ                            ,100,1,1,1,00
9056446A004    ,1Y,ｼﾑ                            ,100,1,1,1,00
9056446A005    ,1Y,ｼﾑ                            ,100,1,1,1,00
9056446A006    ,1Y,ｼﾑ                            ,100,1,1,1,00
9056446A007    ,1Y,ｼﾑ                            ,100,1,1,1,00
9056446A008    ,1Y,ｼﾑ                            ,100,1,1,1,00
9056446A009    ,1Y,ｼﾑ                            ,100,1,1,1,00
9056446A010    ,1Y,ｼﾑ                            ,100,1,1,1,00
9056446A011    ,1Y,ｼﾑ                            ,100,1,1,1,00
9056446A012    ,1Y,ｼﾑ                            ,100,1,1,1,00
9056446A013    ,1Y,ｼﾑ                            ,100,1,1,1,00
9056446A014    ,1Y,ｼﾑ                            ,100,1,1,1,00
9056446A015    ,1Y,ｼﾑ                            ,100,1,1,1,00
9056446A016    ,1Y,ｼﾑ                            ,100,1,1,1,00
9056446A017    ,1Y,ｼﾑ                            ,100,1,1,1,00
9056446A018    ,1Y,ｼﾑ                            ,100,1,1,1,00
9056446A019    ,1Y,ｼﾑ                            ,100,1,1,1,00
9056446A020    ,1Y,ｼﾑ                            ,100,1,1,1,00
9056446A021    ,1Y,ｼﾑ                            ,100,1,1,1,00
9056446A022    ,1Y,ｼﾑ                            ,100,1,1,1,00
9056446A023    ,1Y,ｼﾑ                            ,100,1,1,1,00
9056446A024    ,1Y,ｼﾑ                            ,100,1,1,1,00
9056446A025    ,1Y,ｼﾑ                            ,100,1,1,1,00
9056447A040    ,1Y,ｼﾑ                            ,100,1,1,1,00
9056447A041    ,1Y,ｼﾑ                            ,100,1,1,1,00
9056447A042    ,1Y,ｼﾑ                            ,100,1,1,1,00
9056447A043    ,1Y,ｼﾑ                            ,100,1,1,1,00
9056447A044    ,1Y,ｼﾑ                            ,100,1,1,1,00
9056447A045    ,1Y,ｼﾑ                            ,100,1,1,1,00
9056447A046    ,1Y,ｼﾑ                            ,100,1,1,1,00
9056447A047    ,1Y,ｼﾑ                            ,100,1,1,1,00
9056447A048    ,1Y,ｼﾑ                            ,100,1,1,1,00
9056447A049    ,1Y,ｼﾑ                            ,100,1,1,1,00
9056447A050    ,1Y,ｼﾑ                            ,100,1,1,1,00
9056447A051    ,1Y,ｼﾑ                            ,100,1,1,1,00
9056447A052    ,1Y,ｼﾑ                            ,100,1,1,1,00
9056447A053    ,1Y,ｼﾑ                            ,100,1,1,1,00
9056447A054    ,1Y,ｼﾑ                            ,100,1,1,1,00
9056447A055    ,1Y,ｼﾑ                            ,100,1,1,1,00
9056447A056    ,1Y,ｼﾑ                            ,100,1,1,1,00
9056447A057    ,1Y,ｼﾑ                            ,100,1,1,1,00
9056447A058    ,1Y,ｼﾑ                            ,100,1,1,1,00
9056447A059    ,1Y,ｼﾑ                            ,100,1,1,1,00
9056447A060    ,1Y,ｼﾑ                            ,100,1,1,1,00
9056447A061    ,1Y,ｼﾑ                            ,100,1,1,1,00
9056447A062    ,1Y,ｼﾑ                            ,100,1,1,1,00
9056447A063    ,1Y,ｼﾑ                            ,100,1,1,1,00
9056447A064    ,1Y,ｼﾑ                            ,100,1,1,1,00
9056450A001    ,1Y,ｼﾑ                            ,100,1,1,1,00
9056450A002    ,1Y,ｼﾑ                            ,100,1,1,0,00
9056450A003    ,1Y,ｼﾑ                            ,100,1,1,0,00
9056450A004    ,1Y,ｼﾑ                            ,100,1,1,0,00
9056450A005    ,1Y,ｼﾑ                            ,100,1,1,1,00
9056450A006    ,1Y,ｼﾑ                            ,100,1,1,1,00
9056450A007    ,1Y,ｼﾑ                            ,100,1,1,1,00
9056450A008    ,1Y,ｼﾑ                            ,100,1,1,1,00
9056450A009    ,1Y,ｼﾑ                            ,100,1,1,0,00
9056451A066    ,1Y,ｼﾑ                            ,100,1,1,0,00
9056451A067    ,1Y,ｼﾑ                            ,100,1,1,0,00
9056451A068    ,1Y,ｼﾑ                            ,100,1,1,0,00
9056451A069    ,1Y,ｼﾑ                            ,100,1,1,0,00
9056451A070    ,1Y,ｼﾑ                            ,100,1,1,0,00
9056451A071    ,1Y,ｼﾑ                            ,100,1,1,0,00
9056451A072    ,1Y,ｼﾑ                            ,100,1,1,0,00
9056451A073    ,1Y,ｼﾑ                            ,100,1,1,0,00
9056451A074    ,1Y,ｼﾑ                            ,100,1,1,0,00
9056451A075    ,1Y,ｼﾑ                            ,100,1,1,0,00
9056451A076    ,1Y,ｼﾑ                            ,100,1,1,0,00
9056451A077    ,1Y,ｼﾑ                            ,100,1,1,0,00
9056451A078    ,1Y,ｼﾑ                            ,100,1,1,0,00
9056451A079    ,1Y,ｼﾑ                            ,100,1,1,0,00
9056451A080    ,1Y,ｼﾑ                            ,100,1,1,0,00
9056451A081    ,1Y,ｼﾑ                            ,100,1,1,0,00
9056451A082    ,1Y,ｼﾑ                            ,100,1,1,0,00
9056451A083    ,1Y,ｼﾑ                            ,100,1,1,0,00
9056451A084    ,1Y,ｼﾑ                            ,100,1,1,0,00
9056451A085    ,1Y,ｼﾑ                            ,100,1,1,0,00
9056451A086    ,1Y,ｼﾑ                            ,100,1,1,0,00
9056451A087    ,1Y,ｼﾑ                            ,100,1,1,0,00
9056451A088    ,1Y,ｼﾑ                            ,100,1,1,0,00
9056451A089    ,1Y,ｼﾑ                            ,100,1,1,0,00
9056451A090    ,1Y,ｼﾑ                            ,100,1,1,0,00
9056451A091    ,1Y,ｼﾑ                            ,100,1,1,0,00
9056451A092    ,1Y,ｼﾑ                            ,100,1,1,0,00
9056451A093    ,1Y,ｼﾑ                            ,100,1,1,0,00
9056451A094    ,1Y,ｼﾑ                            ,100,1,1,0,00
9056451A095    ,1Y,ｼﾑ                            ,100,1,1,0,00
9056451A096    ,1Y,ｼﾑ                            ,100,1,1,0,00
9056451A097    ,1Y,ｼﾑ                            ,100,1,1,0,00
9056451A098    ,1Y,ｼﾑ                            ,100,1,1,0,00
9056451A099    ,1Y,ｼﾑ                            ,100,1,1,0,00
9056451A100    ,1Y,ｼﾑ                            ,100,1,1,0,00
9056451A101    ,1Y,ｼﾑ                            ,100,1,1,0,00
9056451A102    ,1Y,ｼﾑ                            ,100,1,1,0,00
9056451A103    ,1Y,ｼﾑ                            ,100,1,1,0,00
9056451A104    ,1Y,ｼﾑ                            ,100,1,1,0,00
9056451A105    ,1Y,ｼﾑ                            ,100,1,1,0,00
9056451A106    ,1Y,ｼﾑ                            ,100,1,1,0,00
9056451A107    ,1Y,ｼﾑ                            ,100,1,1,0,00
9056451A108    ,1Y,ｼﾑ                            ,100,1,1,0,00
9056451A109    ,1Y,ｼﾑ                            ,100,1,1,0,00
9056451A110    ,1Y,ｼﾑ                            ,100,1,1,0,00
9056451A111    ,1Y,ｼﾑ                            ,100,1,1,0,00
9056451A112    ,1Y,ｼﾑ                            ,100,1,1,0,00
9056455A018    ,1Y,ｼﾑ                            ,100,1,1,0,00
9056455A019    ,1Y,ｼﾑ                            ,100,1,1,0,00
9056455A020    ,1Y,ｼﾑ                            ,100,1,1,0,00
9056455A021    ,1Y,ｼﾑ                            ,100,1,1,0,00
9056455A022    ,1Y,ｼﾑ                            ,100,1,1,0,00
9056455A023    ,1Y,ｼﾑ                            ,100,1,1,0,00
9056455A024    ,1Y,ｼﾑ                            ,100,1,1,0,00
9056455A025    ,1Y,ｼﾑ                            ,100,1,1,0,00
9056455A026    ,1Y,ｼﾑ                            ,100,1,1,0,00
9056455A027    ,1Y,ｼﾑ                            ,100,1,1,0,00
9056455A028    ,1Y,ｼﾑ                            ,100,1,1,0,00
9056455A029    ,1Y,ｼﾑ                            ,100,1,1,0,00
9056455A030    ,1Y,ｼﾑ                            ,100,1,1,0,00
9056455A031    ,1Y,ｼﾑ                            ,100,1,1,0,00
9056455A032    ,1Y,ｼﾑ                            ,100,1,1,0,00
9056455A033    ,1Y,ｼﾑ                            ,100,1,1,0,00
9056455A034    ,1Y,ｼﾑ                            ,100,1,1,0,00
9056455A035    ,1Y,ｼﾑ                            ,100,1,1,0,00
9056455A036    ,1Y,ｼﾑ                            ,100,1,1,0,00
9056455A037    ,1Y,ｼﾑ                            ,100,1,1,0,00
9056455A038    ,1Y,ｼﾑ                            ,100,1,1,0,00
9056455A039    ,1Y,ｼﾑ                            ,100,1,1,0,00
9056455A040    ,1Y,ｼﾑ                            ,100,1,1,0,00
9056455A041    ,1Y,ｼﾑ                            ,100,1,1,0,00
9056455A042    ,1Y,ｼﾑ                            ,100,1,1,0,00
9056455A043    ,1Y,ｼﾑ                            ,100,1,1,0,00
9056455A044    ,1Y,ｼﾑ                            ,100,1,1,0,00
9056455A045    ,1Y,ｼﾑ                            ,100,1,1,0,00
9056455A046    ,1Y,ｼﾑ                            ,100,1,1,0,00
9056455A047    ,1Y,ｼﾑ                            ,100,1,1,0,00
9056455A048    ,1Y,ｼﾑ                            ,100,1,1,0,00
9056455A049    ,1Y,ｼﾑ                            ,100,1,1,0,00
9056455A050    ,1Y,ｼﾑ                            ,100,1,1,0,00
9056455A051    ,1Y,ｼﾑ                            ,100,1,1,0,00
9056455A052    ,1Y,ｼﾑ                            ,100,1,1,0,00
9056455A053    ,1Y,ｼﾑ                            ,100,1,1,0,00
9056455A054    ,1Y,ｼﾑ                            ,100,1,1,0,00
9056455A055    ,1Y,ｼﾑ                            ,100,1,1,0,00
9056455A056    ,1Y,ｼﾑ                            ,100,1,1,0,00
9056455A057    ,1Y,ｼﾑ                            ,100,1,1,0,00
9056455A058    ,1Y,ｼﾑ                            ,100,1,1,0,00
9056455A059    ,1Y,ｼﾑ                            ,100,1,1,0,00
9056455A060    ,1Y,ｼﾑ                            ,100,1,1,0,00
9056455A061    ,1Y,ｼﾑ                            ,100,1,1,0,00
9056455A062    ,1Y,ｼﾑ                            ,100,1,1,0,00
9056455A063    ,1Y,ｼﾑ                            ,100,1,1,0,00
9056455A064    ,1Y,ｼﾑ                            ,100,1,1,0,00
9056455A065    ,1Y,ｼﾑ                            ,100,1,1,0,00
9056455A066    ,1Y,ｼﾑ                            ,100,1,1,0,00
9056456A061    ,1Y,ｼﾑ                            ,100,1,1,1,00
9056456A062    ,1Y,ｼﾑ                            ,100,1,1,1,00
9056456A063    ,1Y,ｼﾑ                            ,100,1,1,1,00
9056456A064    ,1Y,ｼﾑ                            ,100,1,1,1,00
9056456A065    ,1Y,ｼﾑ                            ,100,1,1,1,00
9056456A066    ,1Y,ｼﾑ                            ,100,1,1,1,00
9056456A067    ,1Y,ｼﾑ                            ,100,1,1,1,00
9056456A068    ,1Y,ｼﾑ                            ,100,1,1,1,00
9056456A069    ,1Y,ｼﾑ                            ,100,1,1,1,00
9056456A070    ,1Y,ｼﾑ                            ,100,1,1,1,00
9056456A071    ,1Y,ｼﾑ                            ,100,1,1,1,00
9056456A072    ,1Y,ｼﾑ                            ,100,1,1,1,00
9056456A073    ,1Y,ｼﾑ                            ,100,1,1,1,00
9056456A074    ,1Y,ｼﾑ                            ,100,1,1,1,00
9056456A075    ,1Y,ｼﾑ                            ,100,1,1,1,00
9056456A076    ,1Y,ｼﾑ                            ,100,1,1,1,00
9056456A077    ,1Y,ｼﾑ                            ,100,1,1,1,00
9056456A078    ,1Y,ｼﾑ                            ,100,1,1,1,00
9056456A079    ,1Y,ｼﾑ                            ,100,1,1,1,00
9056456A080    ,1Y,ｼﾑ                            ,100,1,1,1,00
9056456A081    ,1Y,ｼﾑ                            ,100,1,1,1,00
9056456A082    ,1Y,ｼﾑ                            ,100,1,1,1,00
9056456A152    ,1Y,ｼﾑ                            ,100,1,1,1,00
9056456A153    ,1Y,ｼﾑ                            ,100,1,1,1,00
9056456A154    ,1Y,ｼﾑ                            ,100,1,1,1,00
9056456A155    ,1Y,ｼﾑ                            ,100,1,1,1,00
9056456A156    ,1Y,ｼﾑ                            ,100,1,1,1,00
9056456A157    ,1Y,ｼﾑ                            ,100,1,1,1,00
9056456A158    ,1Y,ｼﾑ                            ,100,1,1,1,00
9056456A159    ,1Y,ｼﾑ                            ,100,1,1,1,00
9056456A160    ,1Y,ｼﾑ                            ,100,1,1,1,00
9056456A161    ,1Y,ｼﾑ                            ,100,1,1,1,00
9056456A162    ,1Y,ｼﾑ                            ,100,1,1,1,00
9056456A163    ,1Y,ｼﾑ                            ,100,1,1,1,00
9056456A164    ,1Y,ｼﾑ                            ,100,1,1,1,00
9056456A165    ,1Y,ｼﾑ                            ,100,1,1,1,00
9056456A166    ,1Y,ｼﾑ                            ,100,1,1,1,00
9056456A167    ,1Y,ｼﾑ                            ,100,1,1,1,00
9056456A168    ,1Y,ｼﾑ                            ,100,1,1,1,00
9056456A169    ,1Y,ｼﾑ                            ,100,1,1,1,00
9056456A170    ,1Y,ｼﾑ                            ,100,1,1,1,00
9056456A171    ,1Y,ｼﾑ                            ,100,1,1,1,00
9056456A172    ,1Y,ｼﾑ                            ,100,1,1,1,00
9056456A173    ,1Y,ｼﾑ                            ,100,1,1,1,00
9056456A174    ,1Y,ｼﾑ                            ,100,1,1,1,00
9056456A175    ,1Y,ｼﾑ                            ,100,1,1,1,00
9056457A114    ,1Y,ｼﾑ                            ,100,1,1,0,00
9056457A115    ,1Y,ｼﾑ                            ,100,1,1,0,00
9056457A116    ,1Y,ｼﾑ                            ,100,1,1,0,00
9056457A117    ,1Y,ｼﾑ                            ,100,1,1,0,00
9056457A118    ,1Y,ｼﾑ                            ,100,1,1,0,00
9056457A119    ,1Y,ｼﾑ                            ,100,1,1,0,00
9056457A120    ,1Y,ｼﾑ                            ,100,1,1,0,00
9056457A121    ,1Y,ｼﾑ                            ,100,1,1,0,00
9056457A122    ,1Y,ｼﾑ                            ,100,1,1,0,00
9056457A123    ,1Y,ｼﾑ                            ,100,1,1,0,00
9056457A124    ,1Y,ｼﾑ                            ,100,1,1,0,00
9056457A125    ,1Y,ｼﾑ                            ,100,1,1,0,00
9056457A126    ,1Y,ｼﾑ                            ,100,1,1,0,00
9056457A127    ,1Y,ｼﾑ                            ,100,1,1,0,00
9056457A128    ,1Y,ｼﾑ                            ,100,1,1,0,00
9056457A129    ,1Y,ｼﾑ                            ,100,1,1,0,00
9056457A130    ,1Y,ｼﾑ                            ,100,1,1,0,00
9056457A131    ,1Y,ｼﾑ                            ,100,1,1,0,00
9056457A132    ,1Y,ｼﾑ                            ,100,1,1,0,00
9056457A133    ,1Y,ｼﾑ                            ,100,1,1,0,00
9056457A134    ,1Y,ｼﾑ                            ,100,1,1,0,00
9056457A135    ,1Y,ｼﾑ                            ,100,1,1,0,00
9056457A136    ,1Y,ｼﾑ                            ,100,1,1,0,00
9056457A137    ,1Y,ｼﾑ                            ,100,1,1,0,00
9056457A138    ,1Y,ｼﾑ                            ,100,1,1,0,00
9056457A139    ,1Y,ｼﾑ                            ,100,1,1,0,00
9056457A140    ,1Y,ｼﾑ                            ,100,1,1,0,00
9056457A141    ,1Y,ｼﾑ                            ,100,1,1,0,00
9056457A142    ,1Y,ｼﾑ                            ,100,1,1,0,00
9056457A143    ,1Y,ｼﾑ                            ,100,1,1,0,00
9056457A144    ,1Y,ｼﾑ                            ,100,1,1,0,00
9056457A145    ,1Y,ｼﾑ                            ,100,1,1,0,00
9056457A146    ,1Y,ｼﾑ                            ,100,1,1,0,00
9056457A147    ,1Y,ｼﾑ                            ,100,1,1,0,00
9056457A148    ,1Y,ｼﾑ                            ,100,1,1,0,00
9056457A149    ,1Y,ｼﾑ                            ,100,1,1,0,00
9056457A150    ,1Y,ｼﾑ                            ,100,1,1,0,00
9056457A151    ,1Y,ｼﾑ                            ,100,1,1,0,00
9056457A152    ,1Y,ｼﾑ                            ,100,1,1,0,00
9056457A153    ,1Y,ｼﾑ                            ,100,1,1,0,00
9056457A154    ,1Y,ｼﾑ                            ,100,1,1,0,00
9056457A155    ,1Y,ｼﾑ                            ,100,1,1,0,00
9056457A156    ,1Y,ｼﾑ                            ,100,1,1,0,00
9056457A157    ,1Y,ｼﾑ                            ,100,1,1,0,00
9056457A158    ,1Y,ｼﾑ                            ,100,1,1,0,00
9056457A159    ,1Y,ｼﾑ                            ,100,1,1,0,00
9056463A011    ,1Y,ｼﾑ                            ,100,1,1,0,00
9056463A012    ,1Y,ｼﾑ                            ,100,1,1,0,00
9056463A013    ,1Y,ｼﾑ                            ,100,1,1,0,00
9056463A014    ,1Y,ｼﾑ                            ,100,1,1,0,00
9056463A015    ,1Y,ｼﾑ                            ,100,1,1,0,00
9056463A016    ,1Y,ｼﾑ                            ,100,1,1,0,00
9056463A017    ,1Y,ｼﾑ                            ,100,1,1,0,00
9056463A018    ,1Y,ｼﾑ                            ,100,1,1,0,00
9056463A019    ,1Y,ｼﾑ                            ,100,1,1,0,00
9056463A020    ,1Y,ｼﾑ                            ,100,1,1,0,00
9056463A021    ,1Y,ｼﾑ                            ,100,1,1,0,00
9056463A022    ,1Y,ｼﾑ                            ,100,1,1,0,00
9056463A023    ,1Y,ｼﾑ                            ,100,1,1,0,00
9056463A024    ,1Y,ｼﾑ                            ,100,1,1,0,00
9056463A025    ,1Y,ｼﾑ                            ,100,1,1,0,00
9056463A026    ,1Y,ｼﾑ                            ,100,1,1,0,00
9056463A027    ,1Y,ｼﾑ                            ,100,1,1,0,00
9056463A028    ,1Y,ｼﾑ                            ,100,1,1,0,00
9056463A029    ,1Y,ｼﾑ                            ,100,1,1,0,00
9056463A030    ,1Y,ｼﾑ                            ,100,1,1,0,00
9056463A031    ,1Y,ｼﾑ                            ,100,1,1,0,00
9056463A032    ,1Y,ｼﾑ                            ,100,1,1,0,00
9056463A033    ,1Y,ｼﾑ                            ,100,1,1,0,00
9056463A034    ,1Y,ｼﾑ                            ,100,1,1,0,00
9056463A035    ,1Y,ｼﾑ                            ,100,1,1,0,00
9056463A036    ,1Y,ｼﾑ                            ,100,1,1,0,00
9056463A037    ,1Y,ｼﾑ                            ,100,1,1,0,00
9056463A038    ,1Y,ｼﾑ                            ,100,1,1,0,00
9056463A039    ,1Y,ｼﾑ                            ,100,1,1,0,00
9056463A040    ,1Y,ｼﾑ                            ,100,1,1,0,00
9056463A041    ,1Y,ｼﾑ                            ,100,1,1,0,00
9056463A042    ,1Y,ｼﾑ                            ,100,1,1,0,00
9056463A043    ,1Y,ｼﾑ                            ,100,1,1,0,00
9056463A044    ,1Y,ｼﾑ                            ,100,1,1,0,00
9056463A045    ,1Y,ｼﾑ                            ,100,1,1,0,00
9056463A046    ,1Y,ｼﾑ                            ,100,1,1,0,00
9056463A047    ,1Y,ｼﾑ                            ,100,1,1,0,00
9056463A048    ,1Y,ｼﾑ                            ,100,1,1,0,00
9056463A049    ,1Y,ｼﾑ                            ,100,1,1,0,00
9056463A050    ,1Y,ｼﾑ                            ,100,1,1,0,00
9056463A051    ,1Y,ｼﾑ                            ,100,1,1,0,00
9056463A052    ,1Y,ｼﾑ                            ,100,1,1,0,00
9056463A053    ,1Y,ｼﾑ                            ,100,1,1,0,00
9056463A054    ,1Y,ｼﾑ                            ,100,1,1,0,00
9056463A055    ,1Y,ｼﾑ                            ,100,1,1,0,00
9056463A056    ,1Y,ｼﾑ                            ,100,1,1,0,00
9093003179     ,1Y,ﾌﾟﾗｸﾞﾌﾞﾘ-ｻﾞ-                  ,500,1,6,5,00
9094906A012    ,1Y,ｸﾗﾝﾌﾟﾜｲﾔﾘﾝｸﾞ                  ,500,1,2,2,00
9155180614     ,1Y,ﾎﾞﾙﾄﾌﾗﾝｼﾞ                     ,1500,1,6,5,00
9155180640     ,1Y,ﾎﾞﾙﾄﾌﾗﾝｼﾞ                     ,1000,1,6,5,00
9161140614     ,1Y,ﾎﾞﾙﾄｳｲｽﾞﾜﾂｼﾔ                  ,2500,1,6,5,00
9167180618     ,1Y,"ﾎﾞﾙﾄ,ﾌﾗﾝｼﾞW/ﾜｯｼｬ              ",1000,1,6,5,00
G1104ECA040    ,1Y,"ｽﾃｰﾀS/A,ﾓｰﾀｰ                  ",1,1,1,1,00
G1144ECA020    ,1Y,"ﾀｰﾐﾅﾙ,ﾓｰﾀｰ ｹｰﾌﾞﾙ              ",12,1,1,1,00
G1144ECB010    ,1Y,"ﾀｰﾐﾅﾙ,ﾓｰﾀｰｹｰﾌﾞﾙ               ",6,1,1,2,00
G1144ECE010    ,1Y,"ﾀｰﾐﾅﾙ,ﾓｰﾀｰｹｰﾌﾞﾙ               ",8,1,1,1,00
G1163ECA010    ,1Y,"ﾎﾞﾙﾄ,ﾓｰﾀｰ ｽﾃｰﾀｰ ﾖｰｸ           ",70,1,6,5,00
G1163ECB010    ,1Y,"ﾎﾞﾙﾄ,ﾓｰﾀｰｽﾃｰﾀｰﾖｰｸ             ",80,1,6,5,00
G1163ECE010    ,1Y,"ﾎﾞﾙﾄ,ﾓｰﾀｰｽﾃｰﾀｰﾖｰｸ             ",100,1,6,5,00
G1172ECA010    ,1Y,"ﾛｰﾀｰ,ﾓｰﾀｰ ﾚﾎﾞﾘｭｰｼｮﾝ ｾﾝｻｰ      ",270,1,1,3,00
G117362010     ,1Y,"ｾﾝｻｰ,ﾓｰﾀｰﾚﾎﾞﾘｭｰｼｮﾝ            ",18,1,1,3,00
G1173ECA010    ,1Y,"ｾﾝｻｰ,ﾓｰﾀｰ ﾚﾎﾞﾘｭｰｼｮﾝ           ",18,1,1,3,00
G1174ECA030    ,1Y,"ﾜｲﾔ-,ﾓｰﾀｰ ﾚﾎﾞﾘｭｰｼｮﾝ ｾﾝｻｰ      ",40,1,1,1,00
G1174ECB010    ,1Y,"ﾜｲﾔ-,ﾓｰﾀｰﾚﾎﾞﾘｭｰｼｮﾝｾﾝｻｰ        ",70,1,1,2,00
G1174ECE010    ,1Y,"ﾜｲﾔ-,ﾓｰﾀｰﾚﾎﾞﾘｭｰｼｮﾝｾﾝｻｰ        ",72,1,1,2,00
G1250ECB010    ,1Y,"ﾊﾟｲﾌﾟASSY,ﾓｰﾀｰｸﾘｰﾆﾝｸﾞNO.1     ",60,1,2,6,00
G1250ECC010    ,1Y,"ﾊﾟｲﾌﾟASSY,ﾓｰﾀｰｸﾘｰﾆﾝｸﾞNO.1     ",60,1,2,6,00
G1250ECE010    ,1Y,"ﾊﾟｲﾌﾟASSY,ﾓｰﾀｰｸｰﾘﾝｸﾞ          ",60,1,2,6,00
G9201ECA010    ,1Y,ｶﾊﾞｰS/A ｲﾝﾊﾞｰﾀｰ               ,8,1,2,1,00
G9201ECB030    ,1Y,ｶﾊﾞｰｲﾝﾊﾞｰﾀｰ                   ,8,1,2,5,00
G9201ECE010    ,1Y,ｶﾊﾞｰｲﾝﾊﾞｰﾀｰ                   ,8,1,2,5,00
G9210ECA010    ,1Y,"INVERTER ASSY, EV MOTOR CONTRO",1,1,6,2,00
G9210ECA040    ,1Y,"INVERTER ASSY, EV MOTOR CONTRO",1,1,6,2,00
G9210ECB010    ,1Y,EVﾓｰﾀｺﾝﾄﾛｰﾙｲﾝﾊﾞｰﾀASSY         ,1,1,1,1,00
G9210ECB010    ,1Y,EVﾓｰﾀｺﾝﾄﾛｰﾙｲﾝﾊﾞｰﾀASSY         ,1,1,6,2,00
G9210ECB020    ,1Y,EVﾓｰﾀｺﾝﾄﾛｰﾙｲﾝﾊﾞｰﾀASSY         ,1,1,6,2,00
G9210ECB030    ,1Y,"INVERTER ASSY, EV MOTOR CONTRO",1,1,6,2,00
G9210ECB031    ,1Y,"INVERTER ASSY, EV MOTOR CONTRO",1,1,6,2,00
G9210ECC010    ,1Y,EVﾓｰﾀｺﾝﾄﾛｰﾙｲﾝﾊﾞｰﾀASSY         ,1,1,1,1,00
G9210ECC010    ,1Y,EVﾓｰﾀｺﾝﾄﾛｰﾙｲﾝﾊﾞｰﾀASSY         ,1,1,6,2,00
G9210ECE010    ,1Y,EVﾓｰﾀｺﾝﾄﾛｰﾙｲﾝﾊﾞｰﾀASSY         ,1,1,1,1,00
G9210ECE010    ,1Y,EVﾓｰﾀｺﾝﾄﾛｰﾙｲﾝﾊﾞｰﾀASSY         ,1,1,6,2,00
G9210ECE020    ,1Y,EVﾓｰﾀｺﾝﾄﾛｰﾙｲﾝﾊﾞｰﾀASSY         ,1,1,1,1,00
G9210ECE020    ,1Y,EVﾓｰﾀｺﾝﾄﾛｰﾙｲﾝﾊﾞｰﾀASSY         ,1,1,6,2,00
G9210ECE030    ,1Y,EVﾓｰﾀｺﾝﾄﾛｰﾙｲﾝﾊﾞｰﾀASSY         ,1,1,6,2,00
G9221ECB010    ,1Y,ｶﾊﾞｰｲﾝﾊﾞｰﾀｰ                   ,8,1,2,5,00
G9351ECB010    ,1Y,ｲﾝﾊﾞｰﾀｸｰﾗﾝﾄﾊﾟｲﾌﾟ              ,12,1,1,1,00
G9351ECB010    ,1Y,ｲﾝﾊﾞｰﾀｸｰﾗﾝﾄﾊﾟｲﾌﾟ              ,12,1,6,2,00
G9351ECE010    ,1Y,ｲﾝﾊﾞｰﾀｸｰﾗﾝﾄﾊﾟｲﾌﾟ              ,12,1,1,1,00
G9351ECE010    ,1Y,ｲﾝﾊﾞｰﾀｸｰﾗﾝﾄﾊﾟｲﾌﾟ              ,12,1,6,2,00
Y021782011     ,1Y,ｷｬｯﾌﾟｼｯﾋﾟﾝｸﾞ                  ,400,1,1,2,00
019120LC030    ,1Z,ｷｬｯﾌﾟｼｯﾋﾟﾝｸﾞ                  ,50,1,1,0,00
019120LC040    ,1Z,ｷｬｯﾌﾟｼｯﾋﾟﾝｸﾞ                  ,300,1,2,3,00
019120LC050    ,1Z,ｷｬｯﾌﾟｼｯﾋﾟﾝｸﾞ                  ,500,1,1,0,00
019120LC060    ,1Z,ｷｬｯﾌﾟｼｯﾋﾟﾝｸﾞ                  ,100,1,2,3,00
019120LC070    ,1Z,ｷｬｯﾌﾟｼｯﾋﾟﾝｸﾞ                  ,100,1,2,3,00
01912TFA050    ,1Z,ｼﾂﾋﾟﾝｸﾞｷﾔﾂﾌﾟ                  ,150,1,2,3,00
0355045013U    ,1Z,ｶﾞｽｹﾂﾄﾄﾞﾚﾝﾌﾟﾗｸﾞ               ,2000,1,1,2,00
0355052005L    ,1Z,ﾌﾟﾗｸﾞｳｲｽﾞﾍﾂﾄﾞｽﾄﾚ-ﾄｽｸﾘﾕ-       ,2000,1,2,1,00
0355113017A    ,1Z,ﾌﾟﾗｸﾞｶﾂﾌﾟ                     ,5000,1,1,1,00
0355141009R    ,1Z,ﾘﾝｸﾞO                         ,2000,1,2,3,00
0355183043P    ,1Z,ﾎﾞﾙﾄﾌﾗﾝｼﾞ                     ,2000,1,6,5,00
1040052001Z    ,1Z,ﾌﾟﾗｸﾞｳｲｽﾞﾍﾂﾄﾞｽﾄﾚ-ﾄｽｸﾘﾕ-       ,200,1,6,5,00
1040052103H    ,1Z,ﾌﾟﾗｸﾞｳｲｽﾞﾍﾂﾄﾞｽﾄﾚ-ﾄｽｸﾘﾕ-       ,1000,1,1,1,00
1040183004C    ,1Z,ﾎﾞﾙﾄﾌﾗﾝｼﾞ                     ,2000,1,6,5,00
1040183017V    ,1Z,ﾎﾞﾙﾄﾌﾗﾝｼﾞ                     ,2000,1,6,5,00
2030113004A    ,1Z,ﾌﾟﾗｸﾞ                         ,2000,1,2,3,00
2030183013A    ,1Z,ﾎﾞﾙﾄﾌﾗﾝｼﾞ                     ,500,1,6,5,00
3040040039Y    ,1Z,ｷ-ｽﾄﾚ-ﾄ                       ,2000,1,1,2,00
3040052001B    ,1Z,ﾌﾟﾗｸﾞ ｳｲｽﾞﾍﾂﾄﾞｽﾄﾚ-ﾄｽｸﾘﾕ-      ,500,1,6,5,00
3040141002R    ,1Z,ﾘﾝｸﾞ O                        ,2000,1,2,3,00
321110LC010    ,1Z,ﾌﾟﾚｰﾄﾄﾞﾘﾌﾞﾝ                   ,7,1,1,1,00
321118LA010    ,1Z,ﾌﾟﾚ-ﾄ                         ,9,1,1,1,00
333560LC020    ,1Z,ｽﾌﾟﾘﾝｸﾞｳｪｰﾌﾞ                  ,120,1,1,2,00
333560LC020    ,1Z,ｽﾌﾟﾘﾝｸﾞ ｳｪｰﾌﾞ                 ,120,1,1,1,00
350610LC010    ,1Z,ﾊﾌﾞS/Aﾛｰﾀ                     ,2,1,24,18,00
350710LC010    ,1Z,ｼｬﾌﾄS/AHV/Mｲﾝﾌﾟｯﾄ             ,4,1,24,18,00
351060LC040    ,1Z,"ﾊﾟﾝS/A,T/Aｵｲﾙ                 ",14,1,1,2,00
351130LD010    ,1Z,"ﾊｳｼﾞﾝｸﾞ,T/Aﾓｰﾀｰ               ",8,1,4,4,00
351190LC010    ,1Z,ｶﾊﾞｰT/Aﾊｳｼﾞﾝｸﾞ                ,14,1,1,2,00
351550LC010    ,1Z,ｽﾘ-ﾌﾞ                         ,94,1,1,1,00
351680LC030    ,1Z,ｶﾞｽｹｯﾄｵｲﾙｶﾊﾞｰ                 ,24,1,2,3,00
351710LC010    ,1Z,ｶﾊﾞｰﾛｰﾀ                       ,8,1,1,4,00
351720LC010    ,1Z,ｶﾞｽｹｯﾄT/Mﾊｳｼﾞﾝｸﾞｶﾊﾞｰ          ,100,1,2,3,00
351980LC010    ,1Z,ﾌﾞﾗｹｯﾄﾊｰﾈｽｺﾈｸﾀｰ               ,300,1,1,1,00
351980LC020    ,1Z,ﾌﾞﾗｹｯﾄﾜｲﾔｰﾊｰﾈｽｸﾗﾝﾌﾟ           ,200,1,1,1,00
351980LC030    ,1Z,ﾌﾞﾗｹｯﾄﾜｲﾔｰﾊｰﾈｽｸﾗﾝﾌﾟ           ,50,1,1,2,00
351980LC040    ,1Z,ﾌﾞﾗｹｯﾄﾜｲﾔｰﾊｰﾈｽｸﾗﾝﾌﾟ           ,200,1,1,2,00
351980LC050    ,1Z,ﾌﾞﾗｹｯﾄ ﾜｲﾔｰﾊｰﾈｽｸﾗﾝﾌﾟ          ,50,1,1,2,00
351988LA010    ,1Z,"ﾌﾞﾗｹﾂﾄ,ECU                    ",300,1,1,1,00
351988LA020    ,1Z,ﾌﾞﾗｹｯﾄ ﾜｲﾔｰﾊｰﾈｽｸﾗﾝﾌﾟ          ,150,1,1,1,00
351988LA030    ,1Z,ﾌﾞﾗｹｯﾄ ﾜｲﾔｰﾊｰﾈｽ               ,100,1,1,1,00
351988LA040    ,1Z,ﾌﾞﾗｹｯﾄ ﾜｲﾔｰﾊｰﾈｽｸﾗﾝﾌﾟ          ,100,1,1,1,00
352400LC020    ,1Z,ｿﾚﾉｲﾄﾞASSYT/M3WAY             ,100,1,1,1,00
352450LC010    ,1Z,ﾊﾞﾙﾌﾞｸﾗｯﾁｱﾌﾟﾗｲﾘﾚｰ             ,168,1,2,3,00
35246TFG010    ,1Z,ﾊﾞﾙﾌﾞS/Aｱｷｭｰﾑﾚｰﾀｰﾁｪｯｸ         ,3000,1,8,11,00
35275TBG010    ,1Z,ﾊﾞﾙﾌﾞｿﾚﾉｲﾄﾞﾓｼﾞﾕﾚ-ﾀ-           ,140,1,2,3,00
352800LA010    ,1Z,ｿﾚﾉｲﾄﾞｱﾂｼ-                    ,40,1,4,9,00
3539450A010    ,1Z,ﾏｸﾞﾈﾂﾄ                        ,2000,1,1,1,00
354000LC050    ,1Z,"ﾎﾞﾃﾞ- ASSY, T/M ﾊﾞﾙﾌﾞ         ",24,1,1,1,00
354110LC030    ,1Z,ﾎﾞﾃﾞ-ﾛｱﾊﾞﾙﾌﾞ                  ,8,1,8,8,00
354110LC030    ,1Z,ﾎﾞﾃﾞ- ﾛｱ ﾊﾞﾙﾌﾞ                ,8,1,8,8,00
35419TRA010    ,1Z,ﾊﾞﾙﾌﾞﾊﾞｲﾊﾟｽ                   ,500,1,2,3,00
354210LC040    ,1Z,ﾋﾟｽﾄﾝﾀﾞﾝﾊﾟｰ                   ,200,1,2,3,00
354260LC010    ,1Z,ﾋﾟｽﾄﾝK-0ｸﾗｯﾁ                  ,9,1,1,1,00
354320LC040    ,1Z,ﾌﾟﾚｰﾄﾊﾞﾙﾌﾞﾎﾞﾃﾞｰ               ,100,1,2,4,00
354710LC010    ,1Z,ｶﾊﾞｰﾊﾞﾙﾌﾞﾎﾞﾃﾞｨｰ               ,45,1,1,1,00
354710LC010    ,1Z,ｶﾊﾞｰ ﾊﾞﾙﾌﾞﾎﾞﾃﾞｨｰ              ,45,1,1,1,00
354820LC010    ,1Z,"ｸﾗﾝﾌﾟ,ﾃﾝﾊﾟｰﾁｬｰｾﾝｻｰ            ",500,1,1,1,00
356030LC020    ,1Z,ｽﾌﾟﾘﾝｸﾞS/Aﾘﾀｰﾝ                ,63,1,8,11,00
356170LC060    ,1Z,ﾘﾝｸﾞｼｰﾙ                       ,600,1,1,1,00
356340LC020    ,1Z,ﾌﾟﾚｰﾄK-0ｸﾗｯﾁ                  ,140,1,1,2,00
356340LC030    ,1Z,ﾌﾟﾚｰﾄK-0ｸﾗｯﾁ                  ,140,1,1,2,00
356680LC020    ,1Z,ﾊﾞﾗﾝｻｰｸﾗｯﾁNO.1                ,32,1,1,1,00
356790LC010    ,1Z,ﾌﾗﾝｼﾞ K-0 ｸﾗｯﾁ                ,20,1,6,12,00
356790LC010    ,1Z,ﾌﾗﾝｼﾞK-0ｸﾗｯﾁ                  ,20,1,6,12,00
356790LC020    ,1Z,ﾌﾗﾝｼﾞ K-0 ｸﾗｯﾁ                ,20,1,6,12,00
356790LC020    ,1Z,ﾌﾗﾝｼﾞK-0ｸﾗｯﾁ                  ,20,1,6,12,00
356790LC030    ,1Z,ﾌﾗﾝｼﾞ K-0 ｸﾗｯﾁ                ,20,1,6,12,00
356790LC030    ,1Z,ﾌﾗﾝｼﾞK-0ｸﾗｯﾁ                  ,20,1,6,12,00
356790LC040    ,1Z,ﾌﾗﾝｼﾞ K-0 ｸﾗｯﾁ                ,20,1,6,12,00
356790LC040    ,1Z,ﾌﾗﾝｼﾞK-0ｸﾗｯﾁ                  ,20,1,6,12,00
356790LC050    ,1Z,ﾌﾗﾝｼﾞ K-0 ｸﾗｯﾁ                ,20,1,6,12,00
356790LC050    ,1Z,ﾌﾗﾝｼﾞK-0ｸﾗｯﾁ                  ,20,1,6,12,00
356790LC060    ,1Z,ﾌﾗﾝｼﾞ K-0 ｸﾗｯﾁ                ,20,1,6,12,00
356790LC060    ,1Z,ﾌﾗﾝｼﾞK-0ｸﾗｯﾁ                  ,20,1,6,12,00
356790LC070    ,1Z,ﾌﾗﾝｼﾞ K-0 ｸﾗｯﾁ                ,20,1,6,12,00
356790LC070    ,1Z,ﾌﾗﾝｼﾞK-0ｸﾗｯﾁ                  ,20,1,6,12,00
356790LC080    ,1Z,ﾌﾗﾝｼﾞ K-0 ｸﾗｯﾁ                ,20,1,6,12,00
356790LC080    ,1Z,ﾌﾗﾝｼﾞK-0ｸﾗｯﾁ                  ,20,1,6,12,00
356790LC090    ,1Z,ﾌﾗﾝｼﾞ K-0 ｸﾗｯﾁ                ,20,1,6,12,00
356790LC090    ,1Z,ﾌﾗﾝｼﾞK-0ｸﾗｯﾁ                  ,20,1,6,12,00
356790LC100    ,1Z,ﾌﾗﾝｼﾞ K-0 ｸﾗｯﾁ                ,20,1,6,12,00
356790LC100    ,1Z,ﾌﾗﾝｼﾞK-0ｸﾗｯﾁ                  ,20,1,6,12,00
356790LC110    ,1Z,ﾌﾗﾝｼﾞ K-0 ｸﾗｯﾁ                ,20,1,6,12,00
356790LC110    ,1Z,ﾌﾗﾝｼﾞK-0ｸﾗｯﾁ                  ,20,1,6,12,00
356790LC120    ,1Z,ﾌﾗﾝｼﾞ K-0 ｸﾗｯﾁ                ,20,1,6,12,00
356790LC120    ,1Z,ﾌﾗﾝｼﾞK-0ｸﾗｯﾁ                  ,20,1,6,12,00
356790LC130    ,1Z,ﾌﾗﾝｼﾞ K-0 ｸﾗｯﾁ                ,20,1,6,12,00
356790LC130    ,1Z,ﾌﾗﾝｼﾞK-0ｸﾗｯﾁ                  ,20,1,6,12,00
356790LC140    ,1Z,ﾌﾗﾝｼﾞ K-0 ｸﾗｯﾁ                ,20,1,6,12,00
356790LC140    ,1Z,ﾌﾗﾝｼﾞK-0ｸﾗｯﾁ                  ,20,1,6,12,00
356790LC150    ,1Z,ﾌﾗﾝｼﾞ K-0 ｸﾗｯﾁ                ,20,1,6,12,00
356790LC150    ,1Z,ﾌﾗﾝｼﾞK-0ｸﾗｯﾁ                  ,20,1,6,12,00
356790LC160    ,1Z,ﾌﾗﾝｼﾞ K-0 ｸﾗｯﾁ                ,20,1,6,12,00
356790LC160    ,1Z,ﾌﾗﾝｼﾞK-0ｸﾗｯﾁ                  ,20,1,6,12,00
356790LC170    ,1Z,ﾌﾗﾝｼﾞ K-0 ｸﾗｯﾁ                ,20,1,6,12,00
356790LC170    ,1Z,ﾌﾗﾝｼﾞK-0ｸﾗｯﾁ                  ,20,1,6,12,00
357710LC030    ,1Z,ｼｬﾌﾄHV/Mｱｳﾄﾌﾟｯﾄ               ,4,1,24,18,00
357710LC031    ,1Z,ｼｬﾌﾄ ｱｳﾄﾌﾟｯﾄ                  ,4,1,24,18,00
357890LC160    ,1Z,ﾚ-ｽｽﾗｽﾄﾍﾞｱﾘﾝｸﾞ                ,400,1,1,1,00
357890LC170    ,1Z,ﾚ-ｽｽﾗｽﾄﾍﾞｱﾘﾝｸﾞ                ,300,1,8,8,00
357890LC170    ,1Z,ﾚ-ｽ ｽﾗｽﾄ ﾍﾞｱﾘﾝｸﾞ              ,300,1,8,8,00
357890LC180    ,1Z,ﾚ-ｽ ｽﾗｽﾄ ﾍﾞｱﾘﾝｸﾞ              ,200,1,1,1,00
357890LC180    ,1Z,ﾚ-ｽｽﾗｽﾄﾍﾞｱﾘﾝｸﾞ                ,200,1,8,8,00
358830LC030    ,1Z,ﾃﾞｽｸK-0ｸﾗｯﾁ                   ,200,1,1,2,00
358830LC040    ,1Z,ﾃﾞｽｸK-0ｸﾗｯﾁ                   ,240,1,1,2,00
391710LC010    ,1Z,ｶﾊﾞｰﾓｰﾀﾊｳｼﾞﾝｸﾞ                ,5,1,6,4,00
391718LA010    ,1Z,ｶﾊﾞ- FR                       ,4,1,2,2,00
5040043004E    ,1Z,ﾋﾟﾝｽﾄﾚ-ﾄ                      ,1000,1,8,8,00
821250LC030    ,1Z,ﾜｲﾔ-T/M                       ,40,1,2,5,00
821250LC040    ,1Z,ﾌﾟﾚｰﾄ T/M ﾜｲﾔｰ ﾛｯｸ            ,40,1,2,5,00
821258LA050    ,1Z,ﾜｲﾔ- ｱﾂｼ-                     ,40,1,2,5,00
828210LC020    ,1Z,"ｶﾊﾞｰ,ﾓｰﾀｰﾀｰﾐﾅﾙ                ",100,1,2,3,00
9010508A014    ,1Z,ﾎﾞﾙﾄﾌﾗﾝｼﾞ                     ,500,1,6,5,50
9010512A017    ,1Z,ﾎﾞﾙﾄﾌﾗﾝｼﾞ                     ,450,1,6,5,00
9011006031     ,1Z,"ﾎﾞﾙﾄ,ﾍｷｻｺﾞﾝｿｹｯﾄﾍｯﾄﾞｷｬｯﾌﾟ      ",1000,1,6,5,00
9011906A059    ,1Z,ﾎﾞﾙﾄｳｲｽﾞﾜﾂｼﾔ                  ,1500,1,6,5,00
9011906A062    ,1Z,ﾎﾞﾙﾄﾜｯｼｬ                      ,1500,1,6,5,00
9011906A063    ,1Z,ﾎﾞﾙﾄﾜｯｼｬ                      ,2000,1,6,5,00
9011908A038    ,1Z,"ﾎﾞﾙﾄ,ﾌﾗﾝｼﾞW/ﾜｯｼｬ              ",250,1,6,5,00
9014906A004    ,1Z,ｽｸﾘﾕ-                         ,3000,1,6,5,00
9025006027     ,1Z,ﾋﾟﾝｽﾄﾚ-ﾄ                      ,2000,1,1,1,00
9025010017     ,1Z,ﾋﾟﾝｽﾄﾚ-ﾄ                      ,700,1,1,1,00
9030111A013    ,1Z,ﾘﾝｸﾞO                         ,500,1,2,3,00
9030115027     ,1Z,ﾘﾝｸﾞO                         ,1000,1,2,3,00
9030115A007    ,1Z,ﾘﾝｸﾞ O                        ,1000,1,2,3,01
9030132A005    ,1Z,ﾘﾝｸﾞO                         ,500,1,2,3,00
9030146A009    ,1Z,ﾘﾝｸﾞO                         ,500,1,2,3,00
9030199A223    ,1Z,ﾘﾝｸﾞO                         ,200,1,2,3,00
9030199A224    ,1Z,ﾘﾝｸﾞO                         ,200,1,2,3,00
9031132A003    ,1Z,ｼｰﾙﾀｲﾌﾟTｵｲﾙ                   ,700,1,2,3,00
9031164A006    ,1Z,ｼｰﾙﾀｲﾌﾟTｵｲﾙ                   ,240,1,2,3,00
9036006004     ,1Z,ﾎﾞｰﾙﾘﾊﾞｰｽｼﾌﾄ                  ,4000,1,8,8,00
9036366A001    ,1Z,ﾍﾞｱﾘﾝｸﾞﾗｼﾞｱﾙﾎﾞｰﾙ              ,48,1,1,1,00
9036414A016    ,1Z,ﾍﾞｱﾘﾝｸﾞﾆ-ﾄﾞﾙﾛ-ﾗ-              ,1200,1,1,2,00
9036435A004    ,1Z,ﾍﾞｱﾘﾝｸﾞ ﾆ-ﾄﾞﾙﾛ-ﾗ-             ,100,1,8,8,00
9036435A004    ,1Z,ﾍﾞｱﾘﾝｸﾞﾆ-ﾄﾞﾙﾛ-ﾗ-              ,100,1,8,8,00
9036443A006    ,1Z,ﾍﾞｱﾘﾝｸﾞ ﾆ-ﾄﾞﾙﾛ-ﾗ-             ,100,1,8,8,00
9036443A006    ,1Z,ﾍﾞｱﾘﾝｸﾞﾆ-ﾄﾞﾙﾛ-ﾗ-              ,50,1,8,8,00
9037414A001    ,1Z,ﾍﾞｱﾘﾝｸﾞ ｽﾗｽﾄ ﾆｰﾄﾞﾙﾛｰﾗｰ W/ﾚｰｽ  ,900,1,8,1,00
9037414A001    ,1Z,ﾍﾞｱﾘﾝｸﾞｽﾗｽﾄﾆｰﾄﾞﾙﾛｰﾗｰW/ﾚｰｽ     ,900,1,8,8,00
9037439A017    ,1Z,ﾍﾞｱﾘﾝｸﾞｽﾗｽﾄﾆｰﾄﾞﾙﾛｰﾗｰW/ﾚｰｽ     ,300,1,1,1,00
9037460A001    ,1Z,ﾍﾞｱﾘﾝｸﾞ ｽﾗｽﾄ ﾆｰﾄﾞﾙﾛｰﾗｰ W/ﾚｰｽ  ,80,1,8,8,00
9037460A001    ,1Z,ﾍﾞｱﾘﾝｸﾞｽﾗｽﾄﾆｰﾄﾞﾙﾛｰﾗｰW/ﾚｰｽ     ,80,1,8,8,00
9050106A019    ,1Z,ｽﾌﾟﾘﾝｸﾞｺﾝﾌﾟﾚﾂｼﾖﾝ              ,500,1,8,11,00
9050119A022    ,1Z,ｽﾌﾟﾘﾝｸﾞｺﾝﾌﾟﾚﾂｼﾖﾝ              ,500,1,8,11,00
9050407A007    ,1Z,ｽﾌﾟﾘﾝｸﾞｺﾝﾌﾟﾚﾂｼﾖﾝ              ,1000,1,8,11,00
9050411A003    ,1Z,ｽﾌﾟﾘﾝｸﾞｺﾝﾌﾟﾚﾂｼﾖﾝ              ,1000,1,8,11,00
9052032A001    ,1Z,ﾘﾝｸﾞｼﾔﾌﾄｽﾅﾂﾌﾟ                 ,1000,1,1,2,00
9052042A002    ,1Z,ﾘﾝｸﾞｼﾔﾌﾄｽﾅﾂﾌﾟ                 ,500,1,1,2,00
9052199A309    ,1Z,ﾘﾝｸﾞﾎ-ﾙｽﾅﾂﾌﾟ                  ,50,1,2,2,00
9056042A001    ,1Z,ｽﾍﾟ-ｻ-                        ,100,1,2,2,00
9155180610     ,1Z,ﾎﾞﾙﾄﾌﾗﾝｼﾞ                     ,2000,1,6,5,00
G11040LC010    ,1Z,ｽﾃｰﾀ ASSY                     ,20,1,1,1,00
G11048LA010    ,1Z,ｽﾃｰﾀ ASSY                     ,20,1,1,1,00
G11048LA010    ,1Z,ｽﾃｰﾀ ASSY                     ,20,1,1,1,00
G11170LC010    ,1Z,"ﾘﾝｸﾞ,ﾚﾎﾞﾘｭｰｼｮﾝｾﾝｻｰﾛｰﾀｰｴﾝﾄﾞ    ",60,1,2,3,00
G11340LC010    ,1Z,"ﾌﾟﾚｰﾄ,ﾓｰﾀｰﾛｰﾀｰｴﾝﾄﾞ,LH         ",24,1,1,2,00
G11370LC010    ,1Z,"ﾌﾟﾚｰﾄ,ﾓｰﾀｰﾛｰﾀｰｴﾝﾄﾞ,LH         ",24,1,1,2,00
G114434010     ,1Z,"ﾀｰﾐﾅﾙ,ﾓｰﾀｰｹｰﾌﾞﾙ               ",6,1,1,2,00
G114434020     ,1Z,"ﾀｰﾐﾅﾙ,ﾓｰﾀｰ ｹｰﾌﾞﾙ              ",6,1,1,2,00
G11468LA010    ,1Z,"ﾀｰﾐﾅﾙ,ﾓｰﾀｰ ｽﾀｰﾀｰ              ",18,1,1,1,15
G11568LA010    ,1Z,"ｲﾝｼｭﾚｰﾀｰ,ﾓｰﾀｰ ｺｲﾙ             ",20,1,1,1,15
G115A34010     ,1Z,ﾊﾞｽﾊﾞｰｲﾝﾊﾞｰﾀｰ                 ,54,1,1,2,00
G115A60010     ,1Z,ﾊﾞｽﾊﾞｰ ｲﾝﾊﾞｰﾀｰ                ,54,1,1,2,00
G117234010     ,1Z,"ﾛｰﾀｰ,ﾓｰﾀｰﾚﾎﾞﾘｭｰｼｮﾝｾﾝｻｰ        ",100,1,1,3,00
G117334010     ,1Z,"ｾﾝｻｰ,ﾓｰﾀｰﾚﾎﾞﾘｭｰｼｮﾝ            ",20,1,1,3,00
G117334020     ,1Z,"ｾﾝｻｰ,ﾓｰﾀｰ ﾚﾎﾞﾘｭｰｼｮﾝ           ",20,1,1,3,00
G118034010     ,1Z,"ｺｱASSY,ﾓｰﾀｰﾛｰﾀｰ               ",24,1,2,7,00
G21E176021     ,1Z,ﾗﾍﾞﾙ                          ,100,1,1,1,00
G21E176022     ,1Z,ﾗﾍﾞﾙ                          ,100,1,1,1,00
Y021720076     ,1Z,ｷｬｯﾌﾟｼｯﾋﾟﾝｸﾞ                  ,500,1,1,1,00
